Auto-update on Fri May 16 12:12:59 UTC 2025
Auto-update on Sat May 17 03:26:37 UTC 2025
Auto-update on Sun May 18 03:34:00 UTC 2025
Auto-update on Mon May 19 03:37:08 UTC 2025
Auto-update on Tue May 20 03:31:19 UTC 2025
Auto-update on Wed May 21 03:30:41 UTC 2025
Auto-update on Thu May 22 03:30:44 UTC 2025
Auto-update on Fri May 23 03:30:29 UTC 2025
Auto-update on Sat May 24 03:15:53 UTC 2025
Auto-update on Sun May 25 03:37:16 UTC 2025
Auto-update on Mon May 26 03:35:04 UTC 2025
Auto-update on Tue May 27 03:30:46 UTC 2025
Auto-update on Wed May 28 03:37:07 UTC 2025
Auto-update on Thu May 29 03:33:28 UTC 2025
Auto-update on Fri May 30 03:31:45 UTC 2025
Auto-update on Sat May 31 03:29:07 UTC 2025
Auto-update on Sun Jun  1 03:51:48 UTC 2025
Auto-update on Mon Jun  2 03:41:31 UTC 2025
Auto-update on Tue Jun  3 03:35:21 UTC 2025
Auto-update on Wed Jun  4 03:36:14 UTC 2025
Auto-update on Thu Jun  5 03:36:10 UTC 2025
Auto-update on Fri Jun  6 03:35:52 UTC 2025
Auto-update on Sat Jun  7 03:32:33 UTC 2025
Auto-update on Sun Jun  8 03:41:47 UTC 2025
Auto-update on Mon Jun  9 03:41:42 UTC 2025
Auto-update on Tue Jun 10 03:37:34 UTC 2025
Auto-update on Wed Jun 11 03:37:25 UTC 2025
Auto-update on Thu Jun 12 03:36:16 UTC 2025
Auto-update on Fri Jun 13 03:37:11 UTC 2025
Auto-update on Sat Jun 14 03:31:36 UTC 2025
Auto-update on Sun Jun 15 03:41:44 UTC 2025
Auto-update on Mon Jun 16 03:42:20 UTC 2025
Auto-update on Tue Jun 17 01:15:14 UTC 2025
Auto-update on Wed Jun 18 01:14:38 UTC 2025
Auto-update on Thu Jun 19 01:15:04 UTC 2025
Auto-update on Fri Jun 20 01:14:32 UTC 2025
Auto-update on Sat Jun 21 01:13:33 UTC 2025
Auto-update on Sun Jun 22 01:21:44 UTC 2025
Auto-update on Mon Jun 23 01:19:30 UTC 2025
Auto-update on Tue Jun 24 01:15:21 UTC 2025
Auto-update on Wed Jun 25 01:15:54 UTC 2025
Auto-update on Thu Jun 26 01:14:46 UTC 2025
Auto-update on Fri Jun 27 01:15:50 UTC 2025
Auto-update on Sat Jun 28 01:13:13 UTC 2025
Auto-update on Sun Jun 29 01:23:18 UTC 2025
Auto-update on Mon Jun 30 01:19:48 UTC 2025
Auto-update on Tue Jul  1 01:23:32 UTC 2025
Auto-update on Wed Jul  2 01:15:35 UTC 2025
Auto-update on Thu Jul  3 01:15:35 UTC 2025
Auto-update on Fri Jul  4 01:15:10 UTC 2025
Auto-update on Sat Jul  5 01:12:41 UTC 2025
Auto-update on Sun Jul  6 01:22:09 UTC 2025
Auto-update on Mon Jul  7 01:20:01 UTC 2025
Auto-update on Tue Jul  8 01:16:05 UTC 2025
Auto-update on Wed Jul  9 01:16:57 UTC 2025
Auto-update on Thu Jul 10 01:16:57 UTC 2025
Auto-update on Fri Jul 11 01:17:46 UTC 2025
Auto-update on Sat Jul 12 01:19:06 UTC 2025
Auto-update on Sun Jul 13 01:24:40 UTC 2025
Auto-update on Mon Jul 14 01:21:14 UTC 2025
Auto-update on Tue Jul 15 01:21:17 UTC 2025
Auto-update on Wed Jul 16 01:18:49 UTC 2025
Auto-update on Thu Jul 17 01:20:01 UTC 2025
Auto-update on Fri Jul 18 01:18:57 UTC 2025
Auto-update on Sat Jul 19 01:17:02 UTC 2025
Auto-update on Sun Jul 20 01:26:19 UTC 2025
Auto-update on Mon Jul 21 01:23:37 UTC 2025
Auto-update on Tue Jul 22 01:19:29 UTC 2025
Auto-update on Wed Jul 23 01:20:35 UTC 2025
Auto-update on Thu Jul 24 01:19:43 UTC 2025
Auto-update on Fri Jul 25 01:19:23 UTC 2025
Auto-update on Sat Jul 26 01:17:42 UTC 2025
Auto-update on Sun Jul 27 01:26:41 UTC 2025
Auto-update on Mon Jul 28 01:24:55 UTC 2025
Auto-update on Tue Jul 29 01:38:57 UTC 2025
Auto-update on Wed Jul 30 01:21:25 UTC 2025
Auto-update on Thu Jul 31 01:20:54 UTC 2025
Auto-update on Fri Aug  1 01:28:41 UTC 2025
Auto-update on Sat Aug  2 01:17:31 UTC 2025
Auto-update on Sun Aug  3 01:27:47 UTC 2025
Auto-update on Mon Aug  4 01:26:46 UTC 2025
Auto-update on Tue Aug  5 01:23:02 UTC 2025
Auto-update on Wed Aug  6 01:21:20 UTC 2025
Auto-update on Thu Aug  7 01:21:59 UTC 2025
Auto-update on Fri Aug  8 01:21:34 UTC 2025
Auto-update on Sat Aug  9 01:15:07 UTC 2025
Auto-update on Sun Aug 10 01:25:36 UTC 2025
Auto-update on Mon Aug 11 01:22:17 UTC 2025
Auto-update on Tue Aug 12 01:14:21 UTC 2025
Auto-update on Wed Aug 13 01:15:53 UTC 2025
Auto-update on Thu Aug 14 01:16:16 UTC 2025
Auto-update on Fri Aug 15 01:16:37 UTC 2025
Auto-update on Sat Aug 16 01:12:59 UTC 2025
Auto-update on Sun Aug 17 01:21:27 UTC 2025
Auto-update on Mon Aug 18 01:20:36 UTC 2025
Auto-update on Tue Aug 19 01:13:04 UTC 2025
Auto-update on Wed Aug 20 01:11:04 UTC 2025
Auto-update on Thu Aug 21 01:10:06 UTC 2025
Auto-update on Fri Aug 22 01:11:03 UTC 2025
Auto-update on Sat Aug 23 01:08:27 UTC 2025
Auto-update on Sun Aug 24 01:18:37 UTC 2025
Auto-update on Mon Aug 25 01:13:44 UTC 2025
Auto-update on Tue Aug 26 01:11:53 UTC 2025
Auto-update on Wed Aug 27 01:09:45 UTC 2025
Auto-update on Thu Aug 28 01:08:50 UTC 2025
Auto-update on Fri Aug 29 01:08:59 UTC 2025
Auto-update on Sat Aug 30 01:05:40 UTC 2025
Auto-update on Sun Aug 31 01:13:38 UTC 2025
Auto-update on Mon Sep  1 01:20:24 UTC 2025
Auto-update on Tue Sep  2 01:10:09 UTC 2025
Auto-update on Wed Sep  3 01:05:45 UTC 2025
Auto-update on Thu Sep  4 01:05:33 UTC 2025
Auto-update on Fri Sep  5 01:07:18 UTC 2025
Auto-update on Sat Sep  6 01:05:32 UTC 2025
Auto-update on Sun Sep  7 01:12:45 UTC 2025
Auto-update on Mon Sep  8 01:11:14 UTC 2025
Auto-update on Tue Sep  9 01:08:26 UTC 2025
Auto-update on Wed Sep 10 01:06:26 UTC 2025
Auto-update on Thu Sep 11 01:08:03 UTC 2025
Auto-update on Fri Sep 12 01:05:14 UTC 2025
Auto-update on Sat Sep 13 01:02:34 UTC 2025
Auto-update on Sun Sep 14 01:11:53 UTC 2025
Auto-update on Mon Sep 15 01:12:14 UTC 2025
Auto-update on Tue Sep 16 01:06:17 UTC 2025
Auto-update on Wed Sep 17 01:06:11 UTC 2025
Auto-update on Thu Sep 18 01:05:54 UTC 2025
Auto-update on Fri Sep 19 01:08:12 UTC 2025
Auto-update on Sat Sep 20 01:04:51 UTC 2025
Auto-update on Sun Sep 21 01:13:51 UTC 2025
Auto-update on Mon Sep 22 01:13:05 UTC 2025
Auto-update on Tue Sep 23 01:06:18 UTC 2025
Auto-update on Wed Sep 24 01:07:35 UTC 2025
Auto-update on Thu Sep 25 01:08:11 UTC 2025
Auto-update on Fri Sep 26 01:07:53 UTC 2025
Auto-update on Sat Sep 27 01:04:50 UTC 2025
Auto-update on Sun Sep 28 01:14:38 UTC 2025
Auto-update on Mon Sep 29 01:09:44 UTC 2025
Auto-update on Tue Sep 30 01:08:49 UTC 2025
Auto-update on Wed Oct  1 01:15:55 UTC 2025
Auto-update on Thu Oct  2 01:06:18 UTC 2025
Auto-update on Fri Oct  3 01:06:05 UTC 2025
Auto-update on Sat Oct  4 01:03:52 UTC 2025
Auto-update on Sun Oct  5 01:13:56 UTC 2025
Auto-update on Mon Oct  6 01:08:40 UTC 2025
Auto-update on Tue Oct  7 01:07:20 UTC 2025
Auto-update on Wed Oct  8 01:06:48 UTC 2025
Auto-update on Thu Oct  9 01:07:53 UTC 2025
Auto-update on Fri Oct 10 01:07:55 UTC 2025
Auto-update on Sat Oct 11 01:04:59 UTC 2025
Auto-update on Sun Oct 12 01:11:02 UTC 2025
Auto-update on Mon Oct 13 01:12:43 UTC 2025
Auto-update on Tue Oct 14 01:07:46 UTC 2025
Auto-update on Wed Oct 15 01:09:56 UTC 2025
Auto-update on Thu Oct 16 01:09:23 UTC 2025
Auto-update on Fri Oct 17 01:08:44 UTC 2025
Auto-update on Sat Oct 18 01:05:35 UTC 2025
Auto-update on Sun Oct 19 01:17:08 UTC 2025
Auto-update on Mon Oct 20 01:14:14 UTC 2025
Auto-update on Tue Oct 21 01:11:20 UTC 2025
Auto-update on Wed Oct 22 01:12:22 UTC 2025
Auto-update on Thu Oct 23 01:10:34 UTC 2025
Auto-update on Fri Oct 24 01:06:55 UTC 2025
Auto-update on Sat Oct 25 01:08:05 UTC 2025
Auto-update on Sun Oct 26 01:15:09 UTC 2025
Auto-update on Mon Oct 27 01:16:25 UTC 2025
Auto-update on Tue Oct 28 01:09:21 UTC 2025
Auto-update on Wed Oct 29 01:14:26 UTC 2025
Auto-update on Thu Oct 30 01:13:54 UTC 2025
Auto-update on Fri Oct 31 01:11:29 UTC 2025
Auto-update on Sat Nov  1 01:15:23 UTC 2025
Auto-update on Sun Nov  2 01:16:23 UTC 2025
Auto-update on Mon Nov  3 01:14:56 UTC 2025
Auto-update on Tue Nov  4 01:11:59 UTC 2025
Auto-update on Wed Nov  5 01:13:31 UTC 2025
Auto-update on Thu Nov  6 01:13:07 UTC 2025
Auto-update on Fri Nov  7 01:12:17 UTC 2025
Auto-update on Sat Nov  8 01:08:58 UTC 2025
Auto-update on Sun Nov  9 01:15:43 UTC 2025
Auto-update on Mon Nov 10 01:15:46 UTC 2025
Auto-update on Tue Nov 11 01:13:35 UTC 2025
Auto-update on Wed Nov 12 01:13:18 UTC 2025
